,contractSymbol,lastTradeDate,strike,lastPrice,bid,ask,change,percentChange,volume,openInterest,impliedVolatility,inTheMoney,contractSize,currency,expiry
0,MRK241025C00090000,2024-10-09 19:54:23+00:00,90.0,20.5,0.0,0.0,0.0,0.0,,0,1.0000000000000003e-05,True,REGULAR,USD,2024-10-25
1,MRK241025C00099000,2024-10-15 14:05:18+00:00,99.0,11.55,0.0,0.0,0.0,0.0,,0,1.0000000000000003e-05,True,REGULAR,USD,2024-10-25
2,MRK241025C00100000,2024-10-24 15:07:47+00:00,100.0,5.88,0.0,0.0,0.0,0.0,11.0,0,1.0000000000000003e-05,True,REGULAR,USD,2024-10-25
3,MRK241025C00101000,2024-10-21 15:07:03+00:00,101.0,6.11,0.0,0.0,0.0,0.0,41.0,0,1.0000000000000003e-05,True,REGULAR,USD,2024-10-25
4,MRK241025C00103000,2024-10-17 16:44:11+00:00,103.0,7.15,0.0,0.0,0.0,0.0,11.0,0,1.0000000000000003e-05,True,REGULAR,USD,2024-10-25
5,MRK241025C00104000,2024-10-23 14:44:33+00:00,104.0,2.77,0.0,0.0,0.0,0.0,112.0,0,1.0000000000000003e-05,True,REGULAR,USD,2024-10-25
6,MRK241025C00105000,2024-10-24 19:48:17+00:00,105.0,1.18,0.0,0.0,0.0,0.0,197.0,0,1.0000000000000003e-05,True,REGULAR,USD,2024-10-25
7,MRK241025C00106000,2024-10-24 19:54:18+00:00,106.0,0.43,0.0,0.0,0.0,0.0,482.0,0,0.007822421875,False,REGULAR,USD,2024-10-25
8,MRK241025C00107000,2024-10-24 19:54:30+00:00,107.0,0.15,0.0,0.0,0.0,0.0,589.0,0,0.062509375,False,REGULAR,USD,2024-10-25
9,MRK241025C00108000,2024-10-24 19:33:27+00:00,108.0,0.04,0.0,0.0,0.0,0.0,1523.0,0,0.12500875,False,REGULAR,USD,2024-10-25
10,MRK241025C00109000,2024-10-24 19:32:57+00:00,109.0,0.01,0.0,0.0,0.0,0.0,257.0,0,0.12500875,False,REGULAR,USD,2024-10-25
11,MRK241025C00110000,2024-10-24 17:16:08+00:00,110.0,0.01,0.0,0.0,0.0,0.0,61.0,0,0.2500075,False,REGULAR,USD,2024-10-25
12,MRK241025C00111000,2024-10-24 18:18:42+00:00,111.0,0.02,0.0,0.0,0.0,0.0,13.0,0,0.2500075,False,REGULAR,USD,2024-10-25
13,MRK241025C00112000,2024-10-24 18:12:50+00:00,112.0,0.01,0.0,0.0,0.0,0.0,5.0,0,0.2500075,False,REGULAR,USD,2024-10-25
14,MRK241025C00113000,2024-10-24 14:15:52+00:00,113.0,0.01,0.0,0.0,0.0,0.0,4.0,0,0.2500075,False,REGULAR,USD,2024-10-25
15,MRK241025C00114000,2024-10-24 19:31:03+00:00,114.0,0.01,0.0,0.0,0.0,0.0,7.0,0,0.2500075,False,REGULAR,USD,2024-10-25
16,MRK241025C00115000,2024-10-24 18:58:55+00:00,115.0,0.01,0.0,0.0,0.0,0.0,2.0,0,0.500005,False,REGULAR,USD,2024-10-25
17,MRK241025C00116000,2024-10-24 19:31:03+00:00,116.0,0.01,0.0,0.0,0.0,0.0,2.0,0,0.500005,False,REGULAR,USD,2024-10-25
18,MRK241025C00117000,2024-10-23 13:47:20+00:00,117.0,0.01,0.0,0.0,0.0,0.0,10.0,0,0.500005,False,REGULAR,USD,2024-10-25
19,MRK241025C00118000,2024-10-24 13:56:42+00:00,118.0,0.02,0.0,0.0,0.0,0.0,1.0,0,0.500005,False,REGULAR,USD,2024-10-25
20,MRK241025C00119000,2024-10-24 16:44:58+00:00,119.0,0.01,0.0,0.0,0.0,0.0,5.0,0,0.500005,False,REGULAR,USD,2024-10-25
21,MRK241025C00120000,2024-10-22 14:57:30+00:00,120.0,0.14,0.0,0.0,0.0,0.0,20.0,0,0.500005,False,REGULAR,USD,2024-10-25
22,MRK241025C00121000,2024-10-16 13:50:56+00:00,121.0,0.01,0.0,0.0,0.0,0.0,10.0,0,0.500005,False,REGULAR,USD,2024-10-25
23,MRK241025C00122000,2024-10-23 16:57:15+00:00,122.0,0.02,0.0,0.0,0.0,0.0,12.0,0,0.500005,False,REGULAR,USD,2024-10-25
24,MRK241025C00123000,2024-10-17 16:28:04+00:00,123.0,0.01,0.0,0.0,0.0,0.0,1.0,0,0.500005,False,REGULAR,USD,2024-10-25
25,MRK241025C00124000,2024-10-08 13:58:34+00:00,124.0,0.02,0.0,0.0,0.0,0.0,1.0,0,0.500005,False,REGULAR,USD,2024-10-25
26,MRK241025C00125000,2024-10-09 18:21:32+00:00,125.0,0.04,0.0,0.0,0.0,0.0,20.0,0,0.500005,False,REGULAR,USD,2024-10-25
27,MRK241025C00126000,2024-10-07 19:02:39+00:00,126.0,0.01,0.0,0.0,0.0,0.0,2.0,0,0.500005,False,REGULAR,USD,2024-10-25
28,MRK241025C00127000,2024-10-01 16:12:04+00:00,127.0,0.27,0.0,0.0,0.0,0.0,8.0,0,0.500005,False,REGULAR,USD,2024-10-25
29,MRK241025C00128000,2024-10-01 16:10:54+00:00,128.0,0.05,0.0,0.0,0.0,0.0,8.0,0,0.500005,False,REGULAR,USD,2024-10-25
30,MRK241025C00129000,2024-09-24 15:19:54+00:00,129.0,0.09,0.0,0.53,0.0,0.0,8.0,90,2.2500043749999996,False,REGULAR,USD,2024-10-25
31,MRK241025C00130000,2024-10-01 16:10:39+00:00,130.0,0.02,0.0,0.0,0.0,0.0,8.0,0,0.500005,False,REGULAR,USD,2024-10-25
32,MRK241025C00131000,2024-09-23 15:41:07+00:00,131.0,0.35,0.0,0.37,0.0,0.0,8.0,8,2.2304731738281243,False,REGULAR,USD,2024-10-25
33,MRK241101C00090000,2024-10-11 14:47:12+00:00,90.0,19.11,0.0,0.0,0.0,0.0,,0,1.0000000000000003e-05,True,REGULAR,USD,2024-11-01
34,MRK241101C00100000,2024-10-24 16:55:39+00:00,100.0,6.3,0.0,0.0,0.0,0.0,6.0,0,1.0000000000000003e-05,True,REGULAR,USD,2024-11-01
35,MRK241101C00101000,2024-10-24 19:08:01+00:00,101.0,5.65,0.0,0.0,0.0,0.0,90.0,0,1.0000000000000003e-05,True,REGULAR,USD,2024-11-01
36,MRK241101C00102000,2024-10-23 16:13:23+00:00,102.0,5.7,0.0,0.0,0.0,0.0,54.0,0,1.0000000000000003e-05,True,REGULAR,USD,2024-11-01
37,MRK241101C00103000,2024-10-24 16:17:37+00:00,103.0,3.98,0.0,0.0,0.0,0.0,1.0,0,1.0000000000000003e-05,True,REGULAR,USD,2024-11-01
38,MRK241101C00105000,2024-10-24 19:48:27+00:00,105.0,3.09,0.0,0.0,0.0,0.0,135.0,0,1.0000000000000003e-05,True,REGULAR,USD,2024-11-01
39,MRK241101C00106000,2024-10-24 19:55:29+00:00,106.0,2.52,0.0,0.0,0.0,0.0,572.0,0,0.0039162109375,False,REGULAR,USD,2024-11-01
40,MRK241101C00107000,2024-10-24 19:59:49+00:00,107.0,2.06,0.0,0.0,0.0,0.0,51.0,0,0.015634843750000002,False,REGULAR,USD,2024-11-01
41,MRK241101C00108000,2024-10-24 18:28:00+00:00,108.0,1.52,0.0,0.0,0.0,0.0,25.0,0,0.0312596875,False,REGULAR,USD,2024-11-01
42,MRK241101C00109000,2024-10-24 18:36:51+00:00,109.0,1.12,0.0,0.0,0.0,0.0,47.0,0,0.062509375,False,REGULAR,USD,2024-11-01
43,MRK241101C00110000,2024-10-24 19:46:40+00:00,110.0,0.98,0.0,0.0,0.0,0.0,106.0,0,0.062509375,False,REGULAR,USD,2024-11-01
44,MRK241101C00111000,2024-10-24 18:44:18+00:00,111.0,0.7,0.0,0.0,0.0,0.0,34.0,0,0.062509375,False,REGULAR,USD,2024-11-01
45,MRK241101C00112000,2024-10-24 19:54:40+00:00,112.0,0.55,0.0,0.0,0.0,0.0,26.0,0,0.12500875,False,REGULAR,USD,2024-11-01
46,MRK241101C00113000,2024-10-24 18:53:55+00:00,113.0,0.42,0.0,0.0,0.0,0.0,65.0,0,0.12500875,False,REGULAR,USD,2024-11-01
47,MRK241101C00114000,2024-10-24 19:52:55+00:00,114.0,0.33,0.0,0.0,0.0,0.0,20.0,0,0.12500875,False,REGULAR,USD,2024-11-01
48,MRK241101C00115000,2024-10-24 19:31:35+00:00,115.0,0.23,0.0,0.0,0.0,0.0,31.0,0,0.12500875,False,REGULAR,USD,2024-11-01
49,MRK241101C00116000,2024-10-24 18:12:00+00:00,116.0,0.18,0.0,0.0,0.0,0.0,53.0,0,0.12500875,False,REGULAR,USD,2024-11-01
50,MRK241101C00117000,2024-10-22 17:44:44+00:00,117.0,0.21,0.0,0.0,0.0,0.0,8.0,0,0.12500875,False,REGULAR,USD,2024-11-01
51,MRK241101C00118000,2024-10-24 19:04:19+00:00,118.0,0.1,0.0,0.0,0.0,0.0,4.0,0,0.12500875,False,REGULAR,USD,2024-11-01
52,MRK241101C00119000,2024-10-21 14:28:40+00:00,119.0,0.15,0.0,0.0,0.0,0.0,11.0,0,0.2500075,False,REGULAR,USD,2024-11-01
53,MRK241101C00120000,2024-10-23 16:27:28+00:00,120.0,0.09,0.0,0.0,0.0,0.0,2.0,0,0.2500075,False,REGULAR,USD,2024-11-01
54,MRK241101C00121000,2024-10-22 16:46:11+00:00,121.0,0.07,0.0,0.0,0.0,0.0,6.0,0,0.2500075,False,REGULAR,USD,2024-11-01
55,MRK241101C00122000,2024-10-23 16:58:22+00:00,122.0,0.05,0.0,0.0,0.0,0.0,17.0,0,0.2500075,False,REGULAR,USD,2024-11-01
56,MRK241101C00123000,2024-10-21 19:37:54+00:00,123.0,0.05,0.0,0.0,0.0,0.0,19.0,0,0.2500075,False,REGULAR,USD,2024-11-01
57,MRK241101C00124000,2024-10-18 15:22:39+00:00,124.0,0.07,0.0,0.0,0.0,0.0,1.0,0,0.2500075,False,REGULAR,USD,2024-11-01
58,MRK241101C00125000,2024-10-21 16:47:32+00:00,125.0,0.02,0.0,0.0,0.0,0.0,15.0,0,0.2500075,False,REGULAR,USD,2024-11-01
59,MRK241101C00126000,2024-10-01 13:32:33+00:00,126.0,0.22,0.0,0.0,0.0,0.0,1.0,0,0.2500075,False,REGULAR,USD,2024-11-01
60,MRK241101C00127000,2024-10-03 16:13:55+00:00,127.0,0.1,0.0,0.0,0.0,0.0,9.0,0,0.2500075,False,REGULAR,USD,2024-11-01
61,MRK241101C00128000,2024-10-24 19:39:24+00:00,128.0,0.02,0.0,0.0,0.0,0.0,7.0,0,0.2500075,False,REGULAR,USD,2024-11-01
62,MRK241101C00129000,2024-10-07 19:29:31+00:00,129.0,0.03,0.0,0.0,0.0,0.0,8.0,0,0.2500075,False,REGULAR,USD,2024-11-01
63,MRK241101C00130000,2024-10-09 15:38:12+00:00,130.0,0.06,0.0,0.0,0.0,0.0,1.0,0,0.2500075,False,REGULAR,USD,2024-11-01
64,MRK241101C00131000,2024-10-17 17:52:04+00:00,131.0,0.01,0.0,0.0,0.0,0.0,1.0,0,0.2500075,False,REGULAR,USD,2024-11-01
65,MRK241108C00095000,2024-10-17 16:16:08+00:00,95.0,15.35,0.0,0.0,0.0,0.0,,0,1.0000000000000003e-05,True,REGULAR,USD,2024-11-08
66,MRK241108C00100000,2024-10-23 14:37:30+00:00,100.0,7.65,0.0,0.0,0.0,0.0,25.0,0,1.0000000000000003e-05,True,REGULAR,USD,2024-11-08
67,MRK241108C00101000,2024-10-11 16:42:41+00:00,101.0,9.55,0.0,0.0,0.0,0.0,,0,1.0000000000000003e-05,True,REGULAR,USD,2024-11-08
68,MRK241108C00102000,2024-10-21 19:58:29+00:00,102.0,6.0,0.0,0.0,0.0,0.0,2.0,0,1.0000000000000003e-05,True,REGULAR,USD,2024-11-08
69,MRK241108C00103000,2024-10-11 16:46:58+00:00,103.0,7.85,0.0,0.0,0.0,0.0,,0,1.0000000000000003e-05,True,REGULAR,USD,2024-11-08
70,MRK241108C00104000,2024-10-24 15:23:48+00:00,104.0,4.19,0.0,0.0,0.0,0.0,2.0,0,1.0000000000000003e-05,True,REGULAR,USD,2024-11-08
71,MRK241108C00105000,2024-10-24 19:56:17+00:00,105.0,3.75,0.0,0.0,0.0,0.0,22.0,0,1.0000000000000003e-05,True,REGULAR,USD,2024-11-08
72,MRK241108C00106000,2024-10-24 18:03:44+00:00,106.0,3.01,0.0,0.0,0.0,0.0,28.0,0,0.00196310546875,False,REGULAR,USD,2024-11-08
73,MRK241108C00107000,2024-10-24 18:22:04+00:00,107.0,2.55,0.0,0.0,0.0,0.0,2.0,0,0.015634843750000002,False,REGULAR,USD,2024-11-08
74,MRK241108C00108000,2024-10-21 19:27:52+00:00,108.0,2.7,0.0,0.0,0.0,0.0,39.0,0,0.0312596875,False,REGULAR,USD,2024-11-08
75,MRK241108C00109000,2024-10-24 15:11:14+00:00,109.0,1.91,0.0,0.0,0.0,0.0,2.0,0,0.0312596875,False,REGULAR,USD,2024-11-08
76,MRK241108C00110000,2024-10-24 19:25:49+00:00,110.0,1.51,0.0,0.0,0.0,0.0,82.0,0,0.062509375,False,REGULAR,USD,2024-11-08
77,MRK241108C00111000,2024-10-24 19:44:59+00:00,111.0,1.2,0.0,0.0,0.0,0.0,8.0,0,0.062509375,False,REGULAR,USD,2024-11-08
78,MRK241108C00112000,2024-10-24 19:44:37+00:00,112.0,0.99,0.0,0.0,0.0,0.0,21.0,0,0.062509375,False,REGULAR,USD,2024-11-08
79,MRK241108C00113000,2024-10-24 14:10:42+00:00,113.0,0.89,0.0,0.0,0.0,0.0,1.0,0,0.062509375,False,REGULAR,USD,2024-11-08
80,MRK241108C00114000,2024-10-24 19:06:12+00:00,114.0,0.57,0.0,0.0,0.0,0.0,1.0,0,0.062509375,False,REGULAR,USD,2024-11-08
81,MRK241108C00115000,2024-10-24 17:47:08+00:00,115.0,0.46,0.0,0.0,0.0,0.0,3.0,0,0.12500875,False,REGULAR,USD,2024-11-08
82,MRK241108C00116000,2024-10-24 19:08:21+00:00,116.0,0.34,0.0,0.0,0.0,0.0,3.0,0,0.12500875,False,REGULAR,USD,2024-11-08
83,MRK241108C00117000,2024-10-24 18:39:25+00:00,117.0,0.28,0.0,0.0,0.0,0.0,1.0,0,0.12500875,False,REGULAR,USD,2024-11-08
84,MRK241108C00118000,2024-10-24 19:49:25+00:00,118.0,0.25,0.0,0.0,0.0,0.0,21.0,0,0.12500875,False,REGULAR,USD,2024-11-08
85,MRK241108C00119000,2024-10-14 16:08:56+00:00,119.0,0.61,0.0,0.0,0.0,0.0,1.0,0,0.12500875,False,REGULAR,USD,2024-11-08
86,MRK241108C00120000,2024-10-21 14:53:05+00:00,120.0,0.28,0.0,0.0,0.0,0.0,8.0,0,0.12500875,False,REGULAR,USD,2024-11-08
87,MRK241108C00121000,2024-10-15 17:52:37+00:00,121.0,0.53,0.0,0.0,0.0,0.0,1.0,0,0.12500875,False,REGULAR,USD,2024-11-08
88,MRK241108C00122000,2024-10-21 18:43:23+00:00,122.0,0.15,0.0,0.0,0.0,0.0,1.0,0,0.12500875,False,REGULAR,USD,2024-11-08
89,MRK241108C00123000,2024-10-21 15:39:16+00:00,123.0,0.1,0.0,0.0,0.0,0.0,8.0,0,0.12500875,False,REGULAR,USD,2024-11-08
90,MRK241108C00124000,2024-10-21 19:38:37+00:00,124.0,0.08,0.0,0.0,0.0,0.0,16.0,0,0.12500875,False,REGULAR,USD,2024-11-08
91,MRK241108C00125000,2024-10-21 19:38:29+00:00,125.0,0.1,0.0,0.0,0.0,0.0,8.0,0,0.2500075,False,REGULAR,USD,2024-11-08
92,MRK241108C00126000,2024-10-21 18:59:41+00:00,126.0,0.05,0.0,0.0,0.0,0.0,2.0,0,0.2500075,False,REGULAR,USD,2024-11-08
93,MRK241108C00127000,2024-10-16 16:49:13+00:00,127.0,0.1,0.0,0.0,0.0,0.0,,0,0.2500075,False,REGULAR,USD,2024-11-08
94,MRK241108C00128000,2024-10-16 16:49:41+00:00,128.0,0.08,0.0,0.0,0.0,0.0,,0,0.2500075,False,REGULAR,USD,2024-11-08
95,MRK241108C00130000,2024-10-21 19:40:27+00:00,130.0,0.01,0.0,0.0,0.0,0.0,2.0,0,0.2500075,False,REGULAR,USD,2024-11-08
96,MRK241115C00060000,2024-09-23 18:35:24+00:00,60.0,56.5,44.6,48.6,0.0,0.0,,5,1.4775416748046877,True,REGULAR,USD,2024-11-15
97,MRK241115C00070000,2024-10-09 14:06:37+00:00,70.0,39.45,0.0,0.0,0.0,0.0,,0,1.0000000000000003e-05,True,REGULAR,USD,2024-11-15
98,MRK241115C00080000,2024-10-15 14:28:37+00:00,80.0,31.05,0.0,0.0,0.0,0.0,3.0,0,1.0000000000000003e-05,True,REGULAR,USD,2024-11-15
99,MRK241115C00085000,2024-10-22 19:15:14+00:00,85.0,22.22,0.0,0.0,0.0,0.0,1.0,0,1.0000000000000003e-05,True,REGULAR,USD,2024-11-15
100,MRK241115C00090000,2024-10-24 14:37:55+00:00,90.0,16.5,0.0,0.0,0.0,0.0,2.0,0,1.0000000000000003e-05,True,REGULAR,USD,2024-11-15
101,MRK241115C00095000,2024-10-16 14:36:14+00:00,95.0,15.73,0.0,0.0,0.0,0.0,17.0,0,1.0000000000000003e-05,True,REGULAR,USD,2024-11-15
102,MRK241115C00100000,2024-10-23 14:08:19+00:00,100.0,8.45,0.0,0.0,0.0,0.0,1.0,0,1.0000000000000003e-05,True,REGULAR,USD,2024-11-15
103,MRK241115C00105000,2024-10-24 19:22:51+00:00,105.0,4.0,0.0,0.0,0.0,0.0,204.0,0,1.0000000000000003e-05,True,REGULAR,USD,2024-11-15
104,MRK241115C00110000,2024-10-24 19:51:33+00:00,110.0,1.8,0.0,0.0,0.0,0.0,329.0,0,0.0312596875,False,REGULAR,USD,2024-11-15
105,MRK241115C00115000,2024-10-24 19:57:45+00:00,115.0,0.63,0.0,0.0,0.0,0.0,197.0,0,0.062509375,False,REGULAR,USD,2024-11-15
106,MRK241115C00120000,2024-10-24 19:57:45+00:00,120.0,0.22,0.0,0.0,0.0,0.0,71.0,0,0.12500875,False,REGULAR,USD,2024-11-15
107,MRK241115C00125000,2024-10-24 19:32:52+00:00,125.0,0.07,0.0,0.0,0.0,0.0,24.0,0,0.12500875,False,REGULAR,USD,2024-11-15
108,MRK241115C00130000,2024-10-24 19:30:48+00:00,130.0,0.02,0.0,0.0,0.0,0.0,9.0,0,0.2500075,False,REGULAR,USD,2024-11-15
109,MRK241115C00135000,2024-10-24 16:46:18+00:00,135.0,0.04,0.0,0.0,0.0,0.0,1.0,0,0.2500075,False,REGULAR,USD,2024-11-15
110,MRK241115C00140000,2024-09-25 19:56:00+00:00,140.0,0.08,0.0,0.0,0.0,0.0,4.0,0,0.2500075,False,REGULAR,USD,2024-11-15
111,MRK241115C00145000,2024-09-23 14:37:17+00:00,145.0,0.04,0.0,1.99,0.0,0.0,1.0,23,0.9101571484375,False,REGULAR,USD,2024-11-15
112,MRK241115C00150000,2024-09-13 16:14:09+00:00,150.0,0.05,0.0,0.1,0.0,0.0,1.0,33,0.5918009570312501,False,REGULAR,USD,2024-11-15
113,MRK241115C00155000,2024-09-16 18:15:42+00:00,155.0,0.08,0.0,0.28,0.0,0.0,1.0,1,0.7324245507812499,False,REGULAR,USD,2024-11-15
114,MRK241115C00160000,2024-09-18 16:41:40+00:00,160.0,0.01,0.0,0.68,0.0,0.0,16.0,22,0.8984385156249999,False,REGULAR,USD,2024-11-15
115,MRK241115C00170000,2024-09-10 17:56:16+00:00,170.0,0.03,0.0,0.23,0.0,0.0,,0,0.8535170898437501,False,REGULAR,USD,2024-11-15
116,MRK241122C00090000,2024-10-17 14:33:06+00:00,90.0,19.96,0.0,0.0,0.0,0.0,2.0,0,1.0000000000000003e-05,True,REGULAR,USD,2024-11-22
117,MRK241122C00102000,2024-10-24 19:26:53+00:00,102.0,6.19,0.0,0.0,0.0,0.0,2.0,0,1.0000000000000003e-05,True,REGULAR,USD,2024-11-22
118,MRK241122C00103000,2024-10-10 18:51:50+00:00,103.0,8.47,0.0,0.0,0.0,0.0,,0,1.0000000000000003e-05,True,REGULAR,USD,2024-11-22
119,MRK241122C00105000,2024-10-24 16:10:55+00:00,105.0,4.05,0.0,0.0,0.0,0.0,1.0,0,1.0000000000000003e-05,True,REGULAR,USD,2024-11-22
120,MRK241122C00108000,2024-10-23 13:50:24+00:00,108.0,3.32,0.0,0.0,0.0,0.0,1.0,0,0.015634843750000002,False,REGULAR,USD,2024-11-22
121,MRK241122C00109000,2024-10-14 19:07:59+00:00,109.0,4.58,0.0,0.0,0.0,0.0,1.0,0,0.0312596875,False,REGULAR,USD,2024-11-22
122,MRK241122C00110000,2024-10-24 17:19:25+00:00,110.0,1.89,0.0,0.0,0.0,0.0,4.0,0,0.0312596875,False,REGULAR,USD,2024-11-22
123,MRK241122C00111000,2024-10-24 17:02:23+00:00,111.0,1.6,0.0,0.0,0.0,0.0,1.0,0,0.0312596875,False,REGULAR,USD,2024-11-22
124,MRK241122C00112000,2024-10-23 18:36:35+00:00,112.0,1.58,0.0,0.0,0.0,0.0,5.0,0,0.062509375,False,REGULAR,USD,2024-11-22
125,MRK241122C00113000,2024-10-24 19:34:41+00:00,113.0,1.12,0.0,0.0,0.0,0.0,6.0,0,0.062509375,False,REGULAR,USD,2024-11-22
126,MRK241122C00114000,2024-10-24 18:21:41+00:00,114.0,0.88,0.0,0.0,0.0,0.0,3.0,0,0.062509375,False,REGULAR,USD,2024-11-22
127,MRK241122C00115000,2024-10-24 17:19:25+00:00,115.0,0.71,0.0,0.0,0.0,0.0,7.0,0,0.062509375,False,REGULAR,USD,2024-11-22
128,MRK241122C00116000,2024-10-21 18:17:03+00:00,116.0,0.82,0.0,0.0,0.0,0.0,24.0,0,0.062509375,False,REGULAR,USD,2024-11-22
129,MRK241122C00117000,2024-10-24 18:40:03+00:00,117.0,0.49,0.0,0.0,0.0,0.0,5.0,0,0.062509375,False,REGULAR,USD,2024-11-22
130,MRK241122C00118000,2024-10-24 16:07:37+00:00,118.0,0.37,0.0,0.0,0.0,0.0,4.0,0,0.062509375,False,REGULAR,USD,2024-11-22
131,MRK241122C00119000,2024-10-21 19:14:49+00:00,119.0,0.42,0.0,0.0,0.0,0.0,12.0,0,0.12500875,False,REGULAR,USD,2024-11-22
132,MRK241122C00120000,2024-10-24 15:08:10+00:00,120.0,0.24,0.0,0.0,0.0,0.0,8.0,0,0.12500875,False,REGULAR,USD,2024-11-22
133,MRK241122C00121000,2024-10-17 17:37:13+00:00,121.0,0.59,0.0,0.0,0.0,0.0,,0,0.12500875,False,REGULAR,USD,2024-11-22
134,MRK241122C00122000,2024-10-16 14:48:24+00:00,122.0,0.45,0.0,0.0,0.0,0.0,5.0,0,0.12500875,False,REGULAR,USD,2024-11-22
135,MRK241122C00123000,2024-10-10 19:41:52+00:00,123.0,0.39,0.0,0.0,0.0,0.0,,0,0.12500875,False,REGULAR,USD,2024-11-22
136,MRK241122C00124000,2024-10-24 15:08:38+00:00,124.0,0.11,0.0,0.0,0.0,0.0,8.0,0,0.12500875,False,REGULAR,USD,2024-11-22
137,MRK241122C00125000,2024-10-08 19:53:01+00:00,125.0,0.31,0.0,0.0,0.0,0.0,,0,0.12500875,False,REGULAR,USD,2024-11-22
138,MRK241122C00160000,2024-10-15 15:10:45+00:00,160.0,0.14,0.0,0.0,0.0,0.0,,0,0.2500075,False,REGULAR,USD,2024-11-22
139,MRK241129C00105000,2024-10-18 13:49:31+00:00,105.0,6.69,0.0,0.0,0.0,0.0,6.0,0,1.0000000000000003e-05,True,REGULAR,USD,2024-11-29
140,MRK241129C00106000,2024-10-24 15:51:06+00:00,106.0,3.8,0.0,0.0,0.0,0.0,1.0,0,0.00196310546875,False,REGULAR,USD,2024-11-29
141,MRK241129C00109000,2024-10-23 15:02:38+00:00,109.0,2.83,0.0,0.0,0.0,0.0,2.0,0,0.0312596875,False,REGULAR,USD,2024-11-29
142,MRK241129C00110000,2024-10-24 15:42:20+00:00,110.0,2.07,0.0,0.0,0.0,0.0,2.0,0,0.0312596875,False,REGULAR,USD,2024-11-29
143,MRK241129C00111000,2024-10-24 14:48:57+00:00,111.0,1.94,0.0,0.0,0.0,0.0,1.0,0,0.0312596875,False,REGULAR,USD,2024-11-29
144,MRK241129C00112000,2024-10-23 18:36:35+00:00,112.0,1.68,0.0,0.0,0.0,0.0,3.0,0,0.0312596875,False,REGULAR,USD,2024-11-29
145,MRK241129C00113000,2024-10-23 19:10:14+00:00,113.0,1.46,0.0,0.0,0.0,0.0,1.0,0,0.062509375,False,REGULAR,USD,2024-11-29
146,MRK241129C00114000,2024-10-24 18:58:55+00:00,114.0,1.02,0.0,0.0,0.0,0.0,4.0,0,0.062509375,False,REGULAR,USD,2024-11-29
147,MRK241129C00115000,2024-10-23 16:27:28+00:00,115.0,1.07,0.0,0.0,0.0,0.0,3.0,0,0.062509375,False,REGULAR,USD,2024-11-29
148,MRK241129C00116000,2024-10-21 17:57:03+00:00,116.0,0.94,0.0,0.0,0.0,0.0,1.0,0,0.062509375,False,REGULAR,USD,2024-11-29
149,MRK241129C00117000,2024-10-22 15:29:21+00:00,117.0,0.55,0.0,0.0,0.0,0.0,1.0,0,0.062509375,False,REGULAR,USD,2024-11-29
150,MRK241129C00118000,2024-10-21 16:00:51+00:00,118.0,0.66,0.0,0.0,0.0,0.0,3.0,0,0.062509375,False,REGULAR,USD,2024-11-29
151,MRK241129C00119000,2024-10-18 13:50:39+00:00,119.0,0.8,0.0,0.0,0.0,0.0,2.0,0,0.062509375,False,REGULAR,USD,2024-11-29
152,MRK241129C00120000,2024-10-24 19:46:45+00:00,120.0,0.33,0.0,0.0,0.0,0.0,10.0,0,0.12500875,False,REGULAR,USD,2024-11-29
153,MRK241129C00121000,2024-10-21 19:38:57+00:00,121.0,0.29,0.0,0.0,0.0,0.0,8.0,0,0.12500875,False,REGULAR,USD,2024-11-29
154,MRK241129C00122000,2024-10-17 14:15:25+00:00,122.0,0.46,0.0,0.0,0.0,0.0,,0,0.12500875,False,REGULAR,USD,2024-11-29
155,MRK241129C00125000,2024-10-21 15:05:34+00:00,125.0,0.09,0.0,0.0,0.0,0.0,1.0,0,0.12500875,False,REGULAR,USD,2024-11-29
156,MRK241220C00090000,2024-10-14 19:55:33+00:00,90.0,21.0,0.0,0.0,0.0,0.0,2.0,0,1.0000000000000003e-05,True,REGULAR,USD,2024-12-20
157,MRK241220C00095000,2024-10-24 15:12:12+00:00,95.0,12.3,0.0,0.0,0.0,0.0,1.0,0,1.0000000000000003e-05,True,REGULAR,USD,2024-12-20
158,MRK241220C00100000,2024-10-24 15:48:14+00:00,100.0,8.15,0.0,0.0,0.0,0.0,10.0,0,1.0000000000000003e-05,True,REGULAR,USD,2024-12-20
159,MRK241220C00105000,2024-10-24 19:42:23+00:00,105.0,5.05,0.0,0.0,0.0,0.0,40.0,0,1.0000000000000003e-05,True,REGULAR,USD,2024-12-20
160,MRK241220C00110000,2024-10-24 19:55:32+00:00,110.0,2.7,0.0,0.0,0.0,0.0,478.0,0,0.0312596875,False,REGULAR,USD,2024-12-20
161,MRK241220C00115000,2024-10-24 19:55:58+00:00,115.0,1.26,0.0,0.0,0.0,0.0,326.0,0,0.062509375,False,REGULAR,USD,2024-12-20
162,MRK241220C00120000,2024-10-24 19:46:17+00:00,120.0,0.54,0.0,0.0,0.0,0.0,129.0,0,0.062509375,False,REGULAR,USD,2024-12-20
163,MRK241220C00125000,2024-10-24 19:32:52+00:00,125.0,0.22,0.0,0.0,0.0,0.0,20.0,0,0.12500875,False,REGULAR,USD,2024-12-20
164,MRK241220C00130000,2024-10-24 19:07:17+00:00,130.0,0.08,0.0,0.0,0.0,0.0,6.0,0,0.12500875,False,REGULAR,USD,2024-12-20
165,MRK241220C00135000,2024-10-24 13:57:16+00:00,135.0,0.08,0.0,0.0,0.0,0.0,1.0,0,0.12500875,False,REGULAR,USD,2024-12-20
166,MRK241220C00140000,2024-10-24 15:32:59+00:00,140.0,0.02,0.0,0.0,0.0,0.0,1.0,0,0.12500875,False,REGULAR,USD,2024-12-20
167,MRK241220C00145000,2024-10-11 18:03:18+00:00,145.0,0.01,0.0,0.0,0.0,0.0,8.0,0,0.12500875,False,REGULAR,USD,2024-12-20
168,MRK241220C00150000,2024-10-24 19:15:45+00:00,150.0,0.02,0.0,0.0,0.0,0.0,25.0,0,0.2500075,False,REGULAR,USD,2024-12-20
169,MRK241220C00160000,2024-10-01 17:34:57+00:00,160.0,0.02,0.0,0.0,0.0,0.0,3.0,0,0.2500075,False,REGULAR,USD,2024-12-20
170,MRK250117C00045000,2024-03-13 19:56:34+00:00,45.0,77.0,79.0,82.95,0.0,0.0,2.0,3,3.6225595373535158,True,REGULAR,USD,2025-01-17
171,MRK250117C00050000,2024-07-30 18:05:01+00:00,50.0,65.56,67.1,68.5,0.0,0.0,15.0,37,2.3925821435546872,True,REGULAR,USD,2025-01-17
172,MRK250117C00055000,2024-03-11 19:51:16+00:00,55.0,67.65,70.65,73.75,0.0,0.0,4.0,8,3.0603050836181644,True,REGULAR,USD,2025-01-17
173,MRK250117C00060000,2024-07-30 15:43:20+00:00,60.0,57.11,56.9,59.0,0.0,0.0,1.0,16,1.96875015625,True,REGULAR,USD,2025-01-17
174,MRK250117C00065000,2024-01-02 18:48:49+00:00,65.0,48.45,60.1,63.8,0.0,0.0,10.0,14,2.504154130249023,True,REGULAR,USD,2025-01-17
175,MRK250117C00070000,2024-10-04 15:02:59+00:00,70.0,40.5,0.0,0.0,0.0,0.0,10.0,0,1.0000000000000003e-05,True,REGULAR,USD,2025-01-17
176,MRK250117C00075000,2024-10-24 16:28:05+00:00,75.0,31.04,0.0,0.0,0.0,0.0,3.0,0,1.0000000000000003e-05,True,REGULAR,USD,2025-01-17
177,MRK250117C00077500,2024-06-27 13:57:30+00:00,77.5,54.26,47.3,50.5,0.0,0.0,10.0,33,1.9401858459472656,True,REGULAR,USD,2025-01-17
178,MRK250117C00080000,2024-10-22 16:45:28+00:00,80.0,27.1,0.0,0.0,0.0,0.0,2.0,0,1.0000000000000003e-05,True,REGULAR,USD,2025-01-17
179,MRK250117C00082500,2024-10-10 15:07:18+00:00,82.5,28.0,0.0,0.0,0.0,0.0,2.0,0,1.0000000000000003e-05,True,REGULAR,USD,2025-01-17
180,MRK250117C00085000,2024-10-22 14:39:20+00:00,85.0,22.02,0.0,0.0,0.0,0.0,40.0,0,1.0000000000000003e-05,True,REGULAR,USD,2025-01-17
181,MRK250117C00087500,2024-09-13 15:40:52+00:00,87.5,28.13,23.1,23.55,0.0,0.0,3.0,91,0.6466099792480469,True,REGULAR,USD,2025-01-17
182,MRK250117C00090000,2024-10-21 18:25:04+00:00,90.0,18.38,0.0,0.0,0.0,0.0,2.0,0,1.0000000000000003e-05,True,REGULAR,USD,2025-01-17
183,MRK250117C00092500,2024-10-21 14:29:57+00:00,92.5,16.78,0.0,0.0,0.0,0.0,2.0,0,1.0000000000000003e-05,True,REGULAR,USD,2025-01-17
184,MRK250117C00095000,2024-10-23 13:33:56+00:00,95.0,13.75,0.0,0.0,0.0,0.0,10.0,0,1.0000000000000003e-05,True,REGULAR,USD,2025-01-17
185,MRK250117C00097500,2024-10-22 13:32:50+00:00,97.5,10.85,0.0,0.0,0.0,0.0,1.0,0,1.0000000000000003e-05,True,REGULAR,USD,2025-01-17
186,MRK250117C00100000,2024-10-24 15:45:32+00:00,100.0,8.8,0.0,0.0,0.0,0.0,26.0,0,1.0000000000000003e-05,True,REGULAR,USD,2025-01-17
187,MRK250117C00105000,2024-10-24 19:01:19+00:00,105.0,5.75,0.0,0.0,0.0,0.0,49.0,0,1.0000000000000003e-05,True,REGULAR,USD,2025-01-17
188,MRK250117C00110000,2024-10-24 19:57:33+00:00,110.0,3.4,0.0,0.0,0.0,0.0,108.0,0,0.015634843750000002,False,REGULAR,USD,2025-01-17
189,MRK250117C00115000,2024-10-24 19:55:58+00:00,115.0,1.81,0.0,0.0,0.0,0.0,146.0,0,0.0312596875,False,REGULAR,USD,2025-01-17
190,MRK250117C00120000,2024-10-24 19:59:12+00:00,120.0,0.87,0.0,0.0,0.0,0.0,139.0,0,0.062509375,False,REGULAR,USD,2025-01-17
191,MRK250117C00125000,2024-10-24 19:57:39+00:00,125.0,0.4,0.0,0.0,0.0,0.0,33.0,0,0.062509375,False,REGULAR,USD,2025-01-17
192,MRK250117C00130000,2024-10-24 19:57:18+00:00,130.0,0.2,0.0,0.0,0.0,0.0,238.0,0,0.12500875,False,REGULAR,USD,2025-01-17
193,MRK250117C00135000,2024-10-24 19:49:33+00:00,135.0,0.1,0.0,0.0,0.0,0.0,47.0,0,0.12500875,False,REGULAR,USD,2025-01-17
194,MRK250117C00140000,2024-10-24 16:59:26+00:00,140.0,0.07,0.0,0.0,0.0,0.0,51.0,0,0.12500875,False,REGULAR,USD,2025-01-17
195,MRK250117C00145000,2024-10-15 19:05:56+00:00,145.0,0.06,0.0,0.0,0.0,0.0,24.0,0,0.12500875,False,REGULAR,USD,2025-01-17
196,MRK250117C00150000,2024-10-22 19:52:24+00:00,150.0,0.05,0.0,0.0,0.0,0.0,5.0,0,0.12500875,False,REGULAR,USD,2025-01-17
197,MRK250117C00155000,2024-10-21 14:40:48+00:00,155.0,0.15,0.0,0.0,0.0,0.0,2.0,0,0.12500875,False,REGULAR,USD,2025-01-17
198,MRK250117C00160000,2024-09-30 19:33:06+00:00,160.0,0.05,0.0,0.0,0.0,0.0,2.0,0,0.12500875,False,REGULAR,USD,2025-01-17
199,MRK250117C00165000,2024-10-09 19:22:38+00:00,165.0,0.02,0.0,0.0,0.0,0.0,2.0,0,0.2500075,False,REGULAR,USD,2025-01-17
200,MRK250117C00170000,2024-10-17 18:37:37+00:00,170.0,0.02,0.0,0.0,0.0,0.0,2.0,0,0.2500075,False,REGULAR,USD,2025-01-17
201,MRK250117C00175000,2024-09-16 19:19:56+00:00,175.0,0.05,0.0,0.29,0.0,0.0,2.0,164,0.5210008837890624,False,REGULAR,USD,2025-01-17
202,MRK250117C00180000,2024-09-16 19:20:16+00:00,180.0,0.03,0.0,0.29,0.0,0.0,2.0,36,0.5444381494140625,False,REGULAR,USD,2025-01-17
203,MRK250117C00185000,2024-09-16 19:20:26+00:00,185.0,0.02,0.0,0.29,0.0,0.0,2.0,14,0.5136767382812499,False,REGULAR,USD,2025-01-17
204,MRK250117C00190000,2024-09-30 14:37:26+00:00,190.0,0.02,0.0,0.0,0.0,0.0,1.0,0,0.2500075,False,REGULAR,USD,2025-01-17
205,MRK250117C00195000,2024-09-26 19:39:37+00:00,195.0,0.01,0.0,0.0,0.0,0.0,10.0,0,0.2500075,False,REGULAR,USD,2025-01-17
206,MRK250221C00090000,2024-10-24 18:32:10+00:00,90.0,17.48,0.0,0.0,0.0,0.0,6.0,0,1.0000000000000003e-05,True,REGULAR,USD,2025-02-21
207,MRK250221C00095000,2024-10-23 14:35:59+00:00,95.0,14.08,0.0,0.0,0.0,0.0,10.0,0,1.0000000000000003e-05,True,REGULAR,USD,2025-02-21
208,MRK250221C00100000,2024-10-23 18:54:51+00:00,100.0,10.4,0.0,0.0,0.0,0.0,10.0,0,1.0000000000000003e-05,True,REGULAR,USD,2025-02-21
209,MRK250221C00105000,2024-10-24 16:26:36+00:00,105.0,6.65,0.0,0.0,0.0,0.0,1.0,0,1.0000000000000003e-05,True,REGULAR,USD,2025-02-21
210,MRK250221C00110000,2024-10-24 16:15:03+00:00,110.0,4.25,0.0,0.0,0.0,0.0,5.0,0,0.015634843750000002,False,REGULAR,USD,2025-02-21
211,MRK250221C00115000,2024-10-24 19:08:36+00:00,115.0,2.61,0.0,0.0,0.0,0.0,7.0,0,0.0312596875,False,REGULAR,USD,2025-02-21
212,MRK250221C00120000,2024-10-24 18:12:43+00:00,120.0,1.52,0.0,0.0,0.0,0.0,7.0,0,0.062509375,False,REGULAR,USD,2025-02-21
213,MRK250221C00125000,2024-10-24 15:30:19+00:00,125.0,0.77,0.0,0.0,0.0,0.0,1.0,0,0.062509375,False,REGULAR,USD,2025-02-21
214,MRK250221C00130000,2024-10-24 19:47:31+00:00,130.0,0.41,0.0,0.0,0.0,0.0,75.0,0,0.062509375,False,REGULAR,USD,2025-02-21
215,MRK250221C00135000,2024-10-22 17:06:55+00:00,135.0,0.26,0.0,0.0,0.0,0.0,3.0,0,0.12500875,False,REGULAR,USD,2025-02-21
216,MRK250221C00140000,2024-10-24 14:06:12+00:00,140.0,0.18,0.0,0.0,0.0,0.0,2.0,0,0.12500875,False,REGULAR,USD,2025-02-21
217,MRK250321C00070000,2024-10-04 13:34:35+00:00,70.0,41.3,0.0,0.0,0.0,0.0,3.0,0,1.0000000000000003e-05,True,REGULAR,USD,2025-03-21
218,MRK250321C00075000,2024-10-22 19:53:43+00:00,75.0,33.6,0.0,0.0,0.0,0.0,1.0,0,1.0000000000000003e-05,True,REGULAR,USD,2025-03-21
219,MRK250321C00080000,2024-10-24 13:43:57+00:00,80.0,27.8,0.0,0.0,0.0,0.0,5.0,0,1.0000000000000003e-05,True,REGULAR,USD,2025-03-21
220,MRK250321C00085000,2024-10-08 19:06:20+00:00,85.0,25.38,0.0,0.0,0.0,0.0,2.0,0,1.0000000000000003e-05,True,REGULAR,USD,2025-03-21
221,MRK250321C00090000,2024-10-11 13:31:27+00:00,90.0,21.33,0.0,0.0,0.0,0.0,1.0,0,1.0000000000000003e-05,True,REGULAR,USD,2025-03-21
222,MRK250321C00095000,2024-10-21 18:34:43+00:00,95.0,15.11,0.0,0.0,0.0,0.0,2.0,0,1.0000000000000003e-05,True,REGULAR,USD,2025-03-21
223,MRK250321C00100000,2024-10-24 15:29:00+00:00,100.0,10.35,0.0,0.0,0.0,0.0,3.0,0,1.0000000000000003e-05,True,REGULAR,USD,2025-03-21
224,MRK250321C00105000,2024-10-24 18:37:11+00:00,105.0,7.35,0.0,0.0,0.0,0.0,511.0,0,1.0000000000000003e-05,True,REGULAR,USD,2025-03-21
225,MRK250321C00110000,2024-10-24 19:59:13+00:00,110.0,5.12,0.0,0.0,0.0,0.0,107.0,0,0.015634843750000002,False,REGULAR,USD,2025-03-21
226,MRK250321C00115000,2024-10-24 18:20:37+00:00,115.0,3.09,0.0,0.0,0.0,0.0,26.0,0,0.0312596875,False,REGULAR,USD,2025-03-21
227,MRK250321C00120000,2024-10-24 19:18:23+00:00,120.0,1.93,0.0,0.0,0.0,0.0,14.0,0,0.0312596875,False,REGULAR,USD,2025-03-21
228,MRK250321C00125000,2024-10-24 19:37:22+00:00,125.0,1.12,0.0,0.0,0.0,0.0,3.0,0,0.062509375,False,REGULAR,USD,2025-03-21
229,MRK250321C00130000,2024-10-23 18:53:45+00:00,130.0,0.71,0.0,0.0,0.0,0.0,3.0,0,0.062509375,False,REGULAR,USD,2025-03-21
230,MRK250321C00135000,2024-10-24 17:56:04+00:00,135.0,0.35,0.0,0.0,0.0,0.0,45.0,0,0.062509375,False,REGULAR,USD,2025-03-21
231,MRK250321C00140000,2024-10-23 18:06:54+00:00,140.0,0.31,0.0,0.0,0.0,0.0,2.0,0,0.12500875,False,REGULAR,USD,2025-03-21
232,MRK250321C00145000,2024-10-23 14:00:41+00:00,145.0,0.23,0.0,0.0,0.0,0.0,2.0,0,0.12500875,False,REGULAR,USD,2025-03-21
233,MRK250321C00150000,2024-10-24 17:38:38+00:00,150.0,0.15,0.0,0.0,0.0,0.0,2.0,0,0.12500875,False,REGULAR,USD,2025-03-21
234,MRK250321C00155000,2024-10-21 16:19:31+00:00,155.0,0.06,0.0,0.0,0.0,0.0,4.0,0,0.12500875,False,REGULAR,USD,2025-03-21
235,MRK250321C00160000,2024-10-21 14:48:43+00:00,160.0,0.09,0.0,0.0,0.0,0.0,2.0,0,0.12500875,False,REGULAR,USD,2025-03-21
236,MRK250321C00165000,2024-09-20 15:09:06+00:00,165.0,0.15,0.0,1.29,0.0,0.0,2.0,2,0.47827670166015623,False,REGULAR,USD,2025-03-21
237,MRK250321C00170000,2024-09-20 15:08:15+00:00,170.0,0.12,0.0,0.93,0.0,0.0,2.0,2,0.46631393066406257,False,REGULAR,USD,2025-03-21
238,MRK250321C00175000,2024-09-13 19:35:17+00:00,175.0,0.12,0.0,0.32,0.0,0.0,2.0,2,0.4008848974609375,False,REGULAR,USD,2025-03-21
239,MRK250417C00090000,2024-10-24 13:59:06+00:00,90.0,18.9,0.0,0.0,0.0,0.0,1.0,0,1.0000000000000003e-05,True,REGULAR,USD,2025-04-17
240,MRK250417C00095000,2024-10-24 17:26:48+00:00,95.0,14.2,0.0,0.0,0.0,0.0,1.0,0,1.0000000000000003e-05,True,REGULAR,USD,2025-04-17
241,MRK250417C00100000,2024-10-23 14:16:15+00:00,100.0,11.5,0.0,0.0,0.0,0.0,2.0,0,1.0000000000000003e-05,True,REGULAR,USD,2025-04-17
242,MRK250417C00105000,2024-10-24 15:45:46+00:00,105.0,7.83,0.0,0.0,0.0,0.0,17.0,0,1.0000000000000003e-05,True,REGULAR,USD,2025-04-17
243,MRK250417C00110000,2024-10-24 18:21:10+00:00,110.0,5.4,0.0,0.0,0.0,0.0,1029.0,0,0.015634843750000002,False,REGULAR,USD,2025-04-17
244,MRK250417C00115000,2024-10-24 17:56:52+00:00,115.0,3.52,0.0,0.0,0.0,0.0,26.0,0,0.0312596875,False,REGULAR,USD,2025-04-17
245,MRK250417C00120000,2024-10-24 18:06:09+00:00,120.0,2.23,0.0,0.0,0.0,0.0,97.0,0,0.0312596875,False,REGULAR,USD,2025-04-17
246,MRK250417C00125000,2024-10-24 17:42:54+00:00,125.0,1.35,0.0,0.0,0.0,0.0,2.0,0,0.062509375,False,REGULAR,USD,2025-04-17
247,MRK250417C00130000,2024-10-24 19:39:48+00:00,130.0,0.84,0.0,0.0,0.0,0.0,3.0,0,0.062509375,False,REGULAR,USD,2025-04-17
248,MRK250417C00135000,2024-10-24 18:46:13+00:00,135.0,0.53,0.0,0.0,0.0,0.0,1.0,0,0.062509375,False,REGULAR,USD,2025-04-17
249,MRK250417C00140000,2024-10-24 17:40:26+00:00,140.0,0.35,0.0,0.0,0.0,0.0,2.0,0,0.062509375,False,REGULAR,USD,2025-04-17
250,MRK250417C00145000,2024-10-24 17:43:48+00:00,145.0,0.23,0.0,0.0,0.0,0.0,4.0,0,0.12500875,False,REGULAR,USD,2025-04-17
251,MRK250417C00150000,2024-10-24 14:34:52+00:00,150.0,0.2,0.0,0.0,0.0,0.0,2.0,0,0.12500875,False,REGULAR,USD,2025-04-17
252,MRK250417C00155000,2024-10-23 17:16:51+00:00,155.0,0.14,0.0,0.0,0.0,0.0,4.0,0,0.12500875,False,REGULAR,USD,2025-04-17
253,MRK250417C00160000,2024-10-23 17:12:05+00:00,160.0,0.12,0.0,0.0,0.0,0.0,4.0,0,0.12500875,False,REGULAR,USD,2025-04-17
254,MRK250417C00165000,2024-10-21 15:02:10+00:00,165.0,0.09,0.0,0.0,0.0,0.0,6.0,0,0.12500875,False,REGULAR,USD,2025-04-17
255,MRK250417C00170000,2024-10-21 17:28:55+00:00,170.0,0.07,0.0,0.0,0.0,0.0,4.0,0,0.12500875,False,REGULAR,USD,2025-04-17
256,MRK250417C00175000,2024-09-27 17:44:02+00:00,175.0,0.18,0.0,0.0,0.0,0.0,2.0,0,0.12500875,False,REGULAR,USD,2025-04-17
257,MRK250620C00055000,2024-08-23 16:20:36+00:00,55.0,61.52,62.1,63.45,0.0,0.0,3.0,6,1.287723287963867,True,REGULAR,USD,2025-06-20
258,MRK250620C00060000,2024-08-23 15:55:13+00:00,60.0,56.71,57.4,59.3,0.0,0.0,3.0,8,1.1948282446289062,True,REGULAR,USD,2025-06-20
259,MRK250620C00065000,2023-09-13 17:02:44+00:00,65.0,44.9,40.65,42.05,0.0,0.0,,1,0.4422663195800781,True,REGULAR,USD,2025-06-20
260,MRK250620C00070000,2024-05-08 14:42:28+00:00,70.0,61.0,59.5,63.8,0.0,0.0,1.0,1,1.5737326000976561,True,REGULAR,USD,2025-06-20
261,MRK250620C00075000,2024-10-22 18:56:26+00:00,75.0,33.08,0.0,0.0,0.0,0.0,2.0,0,1.0000000000000003e-05,True,REGULAR,USD,2025-06-20
262,MRK250620C00080000,2024-10-24 15:14:57+00:00,80.0,27.55,0.0,0.0,0.0,0.0,12.0,0,1.0000000000000003e-05,True,REGULAR,USD,2025-06-20
263,MRK250620C00085000,2024-10-15 17:41:33+00:00,85.0,28.7,0.0,0.0,0.0,0.0,2.0,0,1.0000000000000003e-05,True,REGULAR,USD,2025-06-20
264,MRK250620C00090000,2024-10-04 19:56:08+00:00,90.0,22.7,0.0,0.0,0.0,0.0,1.0,0,1.0000000000000003e-05,True,REGULAR,USD,2025-06-20
265,MRK250620C00095000,2024-10-15 17:45:36+00:00,95.0,19.75,0.0,0.0,0.0,0.0,1.0,0,1.0000000000000003e-05,True,REGULAR,USD,2025-06-20
266,MRK250620C00100000,2024-10-24 15:03:41+00:00,100.0,12.05,0.0,0.0,0.0,0.0,2.0,0,1.0000000000000003e-05,True,REGULAR,USD,2025-06-20
267,MRK250620C00105000,2024-10-24 19:11:12+00:00,105.0,9.2,0.0,0.0,0.0,0.0,2.0,0,1.0000000000000003e-05,True,REGULAR,USD,2025-06-20
268,MRK250620C00110000,2024-10-24 15:25:17+00:00,110.0,6.6,0.0,0.0,0.0,0.0,1.0,0,0.015634843750000002,False,REGULAR,USD,2025-06-20
269,MRK250620C00115000,2024-10-24 16:12:30+00:00,115.0,4.6,0.0,0.0,0.0,0.0,58.0,0,0.0312596875,False,REGULAR,USD,2025-06-20
270,MRK250620C00120000,2024-10-24 18:31:41+00:00,120.0,3.14,0.0,0.0,0.0,0.0,14.0,0,0.0312596875,False,REGULAR,USD,2025-06-20
271,MRK250620C00125000,2024-10-24 19:55:12+00:00,125.0,2.2,0.0,0.0,0.0,0.0,7.0,0,0.062509375,False,REGULAR,USD,2025-06-20
272,MRK250620C00130000,2024-10-24 19:49:33+00:00,130.0,1.41,0.0,0.0,0.0,0.0,19.0,0,0.062509375,False,REGULAR,USD,2025-06-20
273,MRK250620C00135000,2024-10-23 17:01:20+00:00,135.0,1.01,0.0,0.0,0.0,0.0,142.0,0,0.062509375,False,REGULAR,USD,2025-06-20
274,MRK250620C00140000,2024-10-22 18:31:26+00:00,140.0,0.66,0.0,0.0,0.0,0.0,13.0,0,0.062509375,False,REGULAR,USD,2025-06-20
275,MRK250620C00145000,2024-10-22 17:42:25+00:00,145.0,0.42,0.0,0.0,0.0,0.0,2.0,0,0.062509375,False,REGULAR,USD,2025-06-20
276,MRK250620C00150000,2024-10-23 18:50:42+00:00,150.0,0.29,0.0,0.0,0.0,0.0,2.0,0,0.12500875,False,REGULAR,USD,2025-06-20
277,MRK250620C00155000,2024-10-24 17:45:31+00:00,155.0,0.21,0.0,0.0,0.0,0.0,2.0,0,0.12500875,False,REGULAR,USD,2025-06-20
278,MRK250620C00160000,2024-10-24 13:38:37+00:00,160.0,0.4,0.0,0.0,0.0,0.0,2.0,0,0.12500875,False,REGULAR,USD,2025-06-20
279,MRK250620C00165000,2024-10-24 17:45:41+00:00,165.0,0.13,0.0,0.0,0.0,0.0,2.0,0,0.12500875,False,REGULAR,USD,2025-06-20
280,MRK250620C00170000,2024-10-21 18:46:03+00:00,170.0,0.1,0.0,0.0,0.0,0.0,2.0,0,0.12500875,False,REGULAR,USD,2025-06-20
281,MRK250620C00175000,2024-10-21 14:55:54+00:00,175.0,0.12,0.0,0.0,0.0,0.0,2.0,0,0.12500875,False,REGULAR,USD,2025-06-20
282,MRK250620C00180000,2024-10-21 14:18:29+00:00,180.0,0.14,0.0,0.0,0.0,0.0,2.0,0,0.12500875,False,REGULAR,USD,2025-06-20
283,MRK250620C00185000,2024-10-04 19:42:56+00:00,185.0,0.1,0.0,0.0,0.0,0.0,2.0,0,0.12500875,False,REGULAR,USD,2025-06-20
284,MRK250620C00190000,2024-10-04 14:42:09+00:00,190.0,0.07,0.0,0.0,0.0,0.0,2.0,0,0.12500875,False,REGULAR,USD,2025-06-20
285,MRK250620C00195000,2024-10-16 15:56:24+00:00,195.0,0.09,0.0,0.0,0.0,0.0,2.0,0,0.12500875,False,REGULAR,USD,2025-06-20
286,MRK250919C00075000,2024-10-11 15:23:49+00:00,75.0,35.4,0.0,0.0,0.0,0.0,,0,1.0000000000000003e-05,True,REGULAR,USD,2025-09-19
287,MRK250919C00080000,2024-09-18 16:32:15+00:00,80.0,41.3,28.9,32.45,0.0,0.0,,1,0.47070841796875,True,REGULAR,USD,2025-09-19
288,MRK250919C00090000,2024-10-23 19:55:18+00:00,90.0,20.33,0.0,0.0,0.0,0.0,4.0,0,1.0000000000000003e-05,True,REGULAR,USD,2025-09-19
289,MRK250919C00100000,2024-10-14 16:59:57+00:00,100.0,16.3,0.0,0.0,0.0,0.0,5.0,0,1.0000000000000003e-05,True,REGULAR,USD,2025-09-19
290,MRK250919C00105000,2024-10-21 19:46:18+00:00,105.0,10.95,0.0,0.0,0.0,0.0,1.0,0,1.0000000000000003e-05,True,REGULAR,USD,2025-09-19
291,MRK250919C00110000,2024-10-24 19:35:31+00:00,110.0,8.12,0.0,0.0,0.0,0.0,3.0,0,0.007822421875,False,REGULAR,USD,2025-09-19
292,MRK250919C00115000,2024-10-24 16:13:19+00:00,115.0,5.85,0.0,0.0,0.0,0.0,2.0,0,0.015634843750000002,False,REGULAR,USD,2025-09-19
293,MRK250919C00120000,2024-10-24 15:04:35+00:00,120.0,4.5,0.0,0.0,0.0,0.0,17.0,0,0.0312596875,False,REGULAR,USD,2025-09-19
294,MRK250919C00125000,2024-10-24 14:47:28+00:00,125.0,3.3,0.0,0.0,0.0,0.0,14.0,0,0.0312596875,False,REGULAR,USD,2025-09-19
295,MRK250919C00130000,2024-10-23 14:58:46+00:00,130.0,2.43,0.0,0.0,0.0,0.0,109.0,0,0.062509375,False,REGULAR,USD,2025-09-19
296,MRK250919C00135000,2024-10-22 18:37:13+00:00,135.0,1.7,0.0,0.0,0.0,0.0,14.0,0,0.062509375,False,REGULAR,USD,2025-09-19
297,MRK250919C00140000,2024-10-23 18:13:00+00:00,140.0,1.2,0.0,0.0,0.0,0.0,7.0,0,0.062509375,False,REGULAR,USD,2025-09-19
298,MRK250919C00145000,2024-10-01 15:14:22+00:00,145.0,1.65,0.0,0.0,0.0,0.0,3.0,0,0.062509375,False,REGULAR,USD,2025-09-19
299,MRK250919C00150000,2024-10-07 13:35:43+00:00,150.0,1.0,0.0,0.0,0.0,0.0,5.0,0,0.062509375,False,REGULAR,USD,2025-09-19
300,MRK250919C00160000,2024-09-24 13:30:38+00:00,160.0,0.65,0.0,1.6,0.0,0.0,1.0,3,0.32080757324218745,False,REGULAR,USD,2025-09-19
301,MRK250919C00165000,2024-09-24 18:04:47+00:00,165.0,0.01,0.06,1.48,0.0,0.0,1.0,11,0.3309393078613281,False,REGULAR,USD,2025-09-19
302,MRK250919C00175000,2024-09-16 19:56:04+00:00,175.0,0.46,0.05,0.6,0.0,0.0,54.0,33,0.29944548217773437,False,REGULAR,USD,2025-09-19
303,MRK250919C00180000,2024-09-16 14:19:15+00:00,180.0,0.3,0.0,0.54,0.0,0.0,8.0,8,0.3064034204101562,False,REGULAR,USD,2025-09-19
304,MRK251219C00055000,2023-08-11 15:03:31+00:00,55.0,54.71,53.3,56.1,0.0,0.0,1.0,2,0.5986368261718751,True,REGULAR,USD,2025-12-19
305,MRK251219C00060000,2024-10-22 14:31:43+00:00,60.0,47.37,0.0,0.0,0.0,0.0,1.0,0,1.0000000000000003e-05,True,REGULAR,USD,2025-12-19
306,MRK251219C00070000,2023-05-04 13:36:13+00:00,70.0,50.5,43.5,47.15,0.0,0.0,1.0,1,0.6331823791503908,True,REGULAR,USD,2025-12-19
307,MRK251219C00075000,2023-12-28 14:31:18+00:00,75.0,36.5,47.5,50.3,0.0,0.0,10.0,9,0.8363053479003906,True,REGULAR,USD,2025-12-19
308,MRK251219C00080000,2023-12-15 15:37:59+00:00,80.0,30.0,40.15,44.0,0.0,0.0,1.0,7,0.7037383142089844,True,REGULAR,USD,2025-12-19
309,MRK251219C00085000,2024-09-17 18:58:55+00:00,85.0,36.05,27.95,30.6,0.0,0.0,90.0,43,0.4534966760253906,True,REGULAR,USD,2025-12-19
310,MRK251219C00090000,2024-10-09 13:56:10+00:00,90.0,23.87,0.0,0.0,0.0,0.0,1.0,0,1.0000000000000003e-05,True,REGULAR,USD,2025-12-19
311,MRK251219C00095000,2024-10-11 18:30:11+00:00,95.0,20.57,0.0,0.0,0.0,0.0,1.0,0,1.0000000000000003e-05,True,REGULAR,USD,2025-12-19
312,MRK251219C00100000,2024-10-21 17:11:01+00:00,100.0,15.7,0.0,0.0,0.0,0.0,8.0,0,1.0000000000000003e-05,True,REGULAR,USD,2025-12-19
313,MRK251219C00105000,2024-10-14 14:05:57+00:00,105.0,13.9,0.0,0.0,0.0,0.0,5.0,0,1.0000000000000003e-05,True,REGULAR,USD,2025-12-19
314,MRK251219C00110000,2024-10-21 16:12:32+00:00,110.0,10.1,0.0,0.0,0.0,0.0,1.0,0,0.007822421875,False,REGULAR,USD,2025-12-19
315,MRK251219C00115000,2024-10-21 15:37:57+00:00,115.0,7.8,0.0,0.0,0.0,0.0,20.0,0,0.015634843750000002,False,REGULAR,USD,2025-12-19
316,MRK251219C00120000,2024-10-24 14:23:19+00:00,120.0,5.68,0.0,0.0,0.0,0.0,1.0,0,0.0312596875,False,REGULAR,USD,2025-12-19
317,MRK251219C00125000,2024-10-24 19:50:30+00:00,125.0,4.3,0.0,0.0,0.0,0.0,3.0,0,0.0312596875,False,REGULAR,USD,2025-12-19
318,MRK251219C00130000,2024-10-21 17:47:48+00:00,130.0,3.5,0.0,0.0,0.0,0.0,4.0,0,0.0312596875,False,REGULAR,USD,2025-12-19
319,MRK251219C00135000,2024-10-23 16:26:38+00:00,135.0,2.5,0.0,0.0,0.0,0.0,1.0,0,0.062509375,False,REGULAR,USD,2025-12-19
320,MRK251219C00140000,2024-10-22 17:29:22+00:00,140.0,1.9,0.0,0.0,0.0,0.0,2.0,0,0.062509375,False,REGULAR,USD,2025-12-19
321,MRK251219C00145000,2024-10-23 19:10:06+00:00,145.0,1.37,0.0,0.0,0.0,0.0,1.0,0,0.062509375,False,REGULAR,USD,2025-12-19
322,MRK251219C00150000,2024-10-24 17:53:50+00:00,150.0,0.95,0.0,0.0,0.0,0.0,10.0,0,0.062509375,False,REGULAR,USD,2025-12-19
323,MRK251219C00155000,2024-10-22 16:06:26+00:00,155.0,0.78,0.0,0.0,0.0,0.0,4.0,0,0.062509375,False,REGULAR,USD,2025-12-19
324,MRK251219C00160000,2024-10-22 14:17:08+00:00,160.0,0.54,0.0,0.0,0.0,0.0,8.0,0,0.062509375,False,REGULAR,USD,2025-12-19
325,MRK251219C00165000,2024-08-21 19:39:16+00:00,165.0,1.25,0.87,1.12,0.0,0.0,1.0,20,0.274421318359375,False,REGULAR,USD,2025-12-19
326,MRK251219C00170000,2024-10-08 19:44:06+00:00,170.0,0.48,0.0,0.0,0.0,0.0,2.0,0,0.12500875,False,REGULAR,USD,2025-12-19
327,MRK251219C00175000,2024-08-22 15:33:56+00:00,175.0,0.75,0.45,0.94,0.0,0.0,1.0,14,0.28955788574218744,False,REGULAR,USD,2025-12-19
328,MRK251219C00180000,2024-10-08 19:40:32+00:00,180.0,0.25,0.0,0.0,0.0,0.0,2.0,0,0.12500875,False,REGULAR,USD,2025-12-19
329,MRK251219C00185000,2024-08-22 13:48:37+00:00,185.0,0.48,0.1,1.5,0.0,0.0,4.0,23,0.3459538061523437,False,REGULAR,USD,2025-12-19
330,MRK251219C00190000,2024-08-20 13:32:07+00:00,190.0,0.5,0.01,0.95,0.0,0.0,1.0,14,0.3249579223632812,False,REGULAR,USD,2025-12-19
331,MRK251219C00195000,2024-09-04 17:07:36+00:00,195.0,0.17,0.04,0.34,0.0,0.0,2.0,181,0.28076891113281244,False,REGULAR,USD,2025-12-19
332,MRK260116C00055000,2024-08-13 13:51:01+00:00,55.0,59.28,59.35,61.5,0.0,0.0,1.0,4,0.8414322497558593,True,REGULAR,USD,2026-01-16
333,MRK260116C00060000,2024-10-03 18:21:02+00:00,60.0,50.3,0.0,0.0,0.0,0.0,2.0,0,1.0000000000000003e-05,True,REGULAR,USD,2026-01-16
334,MRK260116C00065000,2024-10-02 18:22:44+00:00,65.0,47.9,0.0,0.0,0.0,0.0,5.0,0,1.0000000000000003e-05,True,REGULAR,USD,2026-01-16
335,MRK260116C00070000,2024-10-21 14:55:27+00:00,70.0,39.42,0.0,0.0,0.0,0.0,1.0,0,1.0000000000000003e-05,True,REGULAR,USD,2026-01-16
336,MRK260116C00075000,2024-10-21 16:21:34+00:00,75.0,34.5,0.0,0.0,0.0,0.0,16.0,0,1.0000000000000003e-05,True,REGULAR,USD,2026-01-16
337,MRK260116C00080000,2024-10-21 16:47:37+00:00,80.0,30.44,0.0,0.0,0.0,0.0,3.0,0,1.0000000000000003e-05,True,REGULAR,USD,2026-01-16
338,MRK260116C00085000,2024-10-24 19:26:17+00:00,85.0,25.0,0.0,0.0,0.0,0.0,8.0,0,1.0000000000000003e-05,True,REGULAR,USD,2026-01-16
339,MRK260116C00090000,2024-10-21 14:56:54+00:00,90.0,22.9,0.0,0.0,0.0,0.0,1.0,0,1.0000000000000003e-05,True,REGULAR,USD,2026-01-16
340,MRK260116C00095000,2024-10-11 14:26:54+00:00,95.0,20.15,0.0,0.0,0.0,0.0,21.0,0,1.0000000000000003e-05,True,REGULAR,USD,2026-01-16
341,MRK260116C00100000,2024-10-23 13:56:34+00:00,100.0,15.5,0.0,0.0,0.0,0.0,40.0,0,1.0000000000000003e-05,True,REGULAR,USD,2026-01-16
342,MRK260116C00105000,2024-10-24 19:00:17+00:00,105.0,12.0,0.0,0.0,0.0,0.0,43.0,0,1.0000000000000003e-05,True,REGULAR,USD,2026-01-16
343,MRK260116C00110000,2024-10-23 17:13:06+00:00,110.0,10.2,0.0,0.0,0.0,0.0,15.0,0,0.007822421875,False,REGULAR,USD,2026-01-16
344,MRK260116C00115000,2024-10-24 16:03:51+00:00,115.0,7.49,0.0,0.0,0.0,0.0,1.0,0,0.015634843750000002,False,REGULAR,USD,2026-01-16
345,MRK260116C00120000,2024-10-23 19:22:39+00:00,120.0,6.1,0.0,0.0,0.0,0.0,3.0,0,0.0312596875,False,REGULAR,USD,2026-01-16
346,MRK260116C00125000,2024-10-22 13:32:44+00:00,125.0,4.5,0.0,0.0,0.0,0.0,2.0,0,0.0312596875,False,REGULAR,USD,2026-01-16
347,MRK260116C00130000,2024-10-24 17:27:43+00:00,130.0,3.3,0.0,0.0,0.0,0.0,1.0,0,0.0312596875,False,REGULAR,USD,2026-01-16
348,MRK260116C00135000,2024-10-15 18:27:49+00:00,135.0,3.75,0.0,0.0,0.0,0.0,31.0,0,0.062509375,False,REGULAR,USD,2026-01-16
349,MRK260116C00140000,2024-10-24 17:27:44+00:00,140.0,1.84,0.0,0.0,0.0,0.0,2.0,0,0.062509375,False,REGULAR,USD,2026-01-16
350,MRK260116C00145000,2024-10-24 17:40:01+00:00,145.0,1.4,0.0,0.0,0.0,0.0,14.0,0,0.062509375,False,REGULAR,USD,2026-01-16
351,MRK260116C00150000,2024-10-24 17:53:50+00:00,150.0,1.05,0.0,0.0,0.0,0.0,26.0,0,0.062509375,False,REGULAR,USD,2026-01-16
352,MRK260116C00155000,2024-10-18 14:23:58+00:00,155.0,1.07,0.0,0.0,0.0,0.0,3.0,0,0.062509375,False,REGULAR,USD,2026-01-16
353,MRK260116C00160000,2024-10-24 15:24:06+00:00,160.0,0.65,0.0,0.0,0.0,0.0,10.0,0,0.062509375,False,REGULAR,USD,2026-01-16
354,MRK260116C00165000,2024-10-24 17:40:01+00:00,165.0,0.47,0.0,0.0,0.0,0.0,8.0,0,0.062509375,False,REGULAR,USD,2026-01-16
355,MRK260116C00170000,2024-10-16 14:24:17+00:00,170.0,0.5,0.0,0.0,0.0,0.0,12.0,0,0.062509375,False,REGULAR,USD,2026-01-16
356,MRK260116C00175000,2024-10-03 19:38:50+00:00,175.0,0.45,0.0,0.0,0.0,0.0,2.0,0,0.12500875,False,REGULAR,USD,2026-01-16
357,MRK260116C00180000,2024-09-11 19:48:23+00:00,180.0,0.5,0.13,0.95,0.0,0.0,2.0,139,0.2926096130371093,False,REGULAR,USD,2026-01-16
358,MRK260116C00185000,2024-09-27 19:00:54+00:00,185.0,0.65,0.0,0.0,0.0,0.0,20.0,0,0.12500875,False,REGULAR,USD,2026-01-16
359,MRK260116C00190000,2024-09-30 13:30:46+00:00,190.0,0.33,0.0,0.0,0.0,0.0,1.0,0,0.12500875,False,REGULAR,USD,2026-01-16
360,MRK260116C00195000,2024-10-21 18:58:13+00:00,195.0,0.15,0.0,0.0,0.0,0.0,54.0,0,0.12500875,False,REGULAR,USD,2026-01-16
361,MRK261218C00055000,2024-10-10 14:01:16+00:00,55.0,55.5,0.0,0.0,0.0,0.0,,0,1.0000000000000003e-05,True,REGULAR,USD,2026-12-18
362,MRK261218C00060000,2024-09-04 19:23:58+00:00,60.0,56.0,48.5,52.55,0.0,0.0,2.0,1,0.48743188354492195,True,REGULAR,USD,2026-12-18
363,MRK261218C00065000,2024-09-27 14:23:28+00:00,65.0,49.5,0.0,0.0,0.0,0.0,1.0,0,1.0000000000000003e-05,True,REGULAR,USD,2026-12-18
364,MRK261218C00070000,2024-09-19 14:26:22+00:00,70.0,49.65,38.55,42.85,0.0,0.0,2.0,10,0.39954213745117195,True,REGULAR,USD,2026-12-18
365,MRK261218C00075000,2024-09-23 14:54:29+00:00,75.0,44.0,34.35,35.8,0.0,0.0,1.0,6,0.3034127276611328,True,REGULAR,USD,2026-12-18
366,MRK261218C00080000,2024-09-17 13:55:30+00:00,80.0,40.95,33.5,34.7,0.0,0.0,3.0,4,0.35596347167968745,True,REGULAR,USD,2026-12-18
367,MRK261218C00085000,2024-10-23 19:49:44+00:00,85.0,27.45,0.0,0.0,0.0,0.0,1.0,0,1.0000000000000003e-05,True,REGULAR,USD,2026-12-18
368,MRK261218C00090000,2024-10-24 15:40:03+00:00,90.0,23.75,0.0,0.0,0.0,0.0,9.0,0,1.0000000000000003e-05,True,REGULAR,USD,2026-12-18
369,MRK261218C00095000,2024-10-24 15:41:56+00:00,95.0,20.65,0.0,0.0,0.0,0.0,7.0,0,1.0000000000000003e-05,True,REGULAR,USD,2026-12-18
370,MRK261218C00100000,2024-10-11 18:18:14+00:00,100.0,20.74,0.0,0.0,0.0,0.0,1.0,0,1.0000000000000003e-05,True,REGULAR,USD,2026-12-18
371,MRK261218C00105000,2024-10-23 19:42:15+00:00,105.0,15.79,0.0,0.0,0.0,0.0,2.0,0,1.0000000000000003e-05,True,REGULAR,USD,2026-12-18
372,MRK261218C00110000,2024-10-22 17:39:20+00:00,110.0,13.6,0.0,0.0,0.0,0.0,141.0,0,0.007822421875,False,REGULAR,USD,2026-12-18
373,MRK261218C00115000,2024-10-21 13:47:34+00:00,115.0,12.3,0.0,0.0,0.0,0.0,1.0,0,0.015634843750000002,False,REGULAR,USD,2026-12-18
374,MRK261218C00120000,2024-10-17 19:40:50+00:00,120.0,11.12,0.0,0.0,0.0,0.0,1.0,0,0.015634843750000002,False,REGULAR,USD,2026-12-18
375,MRK261218C00125000,2024-10-24 16:24:09+00:00,125.0,7.15,0.0,0.0,0.0,0.0,4.0,0,0.0312596875,False,REGULAR,USD,2026-12-18
376,MRK261218C00130000,2024-10-18 13:48:14+00:00,130.0,7.4,0.0,0.0,0.0,0.0,1.0,0,0.0312596875,False,REGULAR,USD,2026-12-18
377,MRK261218C00135000,2024-10-24 16:24:09+00:00,135.0,4.65,0.0,0.0,0.0,0.0,4.0,0,0.0312596875,False,REGULAR,USD,2026-12-18
378,MRK261218C00140000,2024-10-21 17:57:47+00:00,140.0,4.65,0.0,0.0,0.0,0.0,1.0,0,0.0312596875,False,REGULAR,USD,2026-12-18
379,MRK261218C00145000,2024-09-25 19:41:09+00:00,145.0,5.54,0.0,0.0,0.0,0.0,1.0,0,0.062509375,False,REGULAR,USD,2026-12-18
380,MRK261218C00150000,2024-10-15 14:39:18+00:00,150.0,3.9,0.0,0.0,0.0,0.0,7.0,0,0.062509375,False,REGULAR,USD,2026-12-18
381,MRK261218C00155000,2024-10-22 14:37:17+00:00,155.0,2.37,0.0,0.0,0.0,0.0,1.0,0,0.062509375,False,REGULAR,USD,2026-12-18
382,MRK261218C00160000,2024-10-03 16:41:22+00:00,160.0,2.61,0.0,0.0,0.0,0.0,20.0,0,0.062509375,False,REGULAR,USD,2026-12-18
383,MRK261218C00165000,2024-10-08 15:11:34+00:00,165.0,1.95,0.0,0.0,0.0,0.0,1.0,0,0.062509375,False,REGULAR,USD,2026-12-18
384,MRK261218C00170000,2024-10-08 19:51:36+00:00,170.0,1.64,0.0,0.0,0.0,0.0,2.0,0,0.062509375,False,REGULAR,USD,2026-12-18
385,MRK261218C00175000,2024-10-17 15:58:05+00:00,175.0,1.26,0.0,0.0,0.0,0.0,2.0,0,0.062509375,False,REGULAR,USD,2026-12-18
386,MRK261218C00180000,2024-10-23 14:55:26+00:00,180.0,0.95,0.0,0.0,0.0,0.0,2.0,0,0.062509375,False,REGULAR,USD,2026-12-18
387,MRK261218C00185000,2024-10-23 14:45:46+00:00,185.0,0.7,0.0,0.0,0.0,0.0,2.0,0,0.062509375,False,REGULAR,USD,2026-12-18
388,MRK261218C00190000,2024-09-27 13:32:24+00:00,190.0,0.7,0.0,0.0,0.0,0.0,2.0,0,0.062509375,False,REGULAR,USD,2026-12-18
389,MRK261218C00195000,2024-09-19 18:42:13+00:00,195.0,1.0,0.19,1.0,0.0,0.0,1.0,62,0.24829853271484376,False,REGULAR,USD,2026-12-18
390,MRK270115C00055000,2024-10-10 13:31:53+00:00,55.0,56.0,0.0,0.0,0.0,0.0,,0,1.0000000000000003e-05,True,REGULAR,USD,2027-01-15
391,MRK270115C00060000,2024-10-17 17:06:53+00:00,60.0,50.83,0.0,0.0,0.0,0.0,25.0,0,1.0000000000000003e-05,True,REGULAR,USD,2027-01-15
392,MRK270115C00065000,2024-10-02 18:22:44+00:00,65.0,48.2,0.0,0.0,0.0,0.0,,0,1.0000000000000003e-05,True,REGULAR,USD,2027-01-15
393,MRK270115C00070000,2024-10-16 15:14:00+00:00,70.0,42.15,0.0,0.0,0.0,0.0,2.0,0,1.0000000000000003e-05,True,REGULAR,USD,2027-01-15
394,MRK270115C00075000,2024-10-11 13:57:49+00:00,75.0,36.7,0.0,0.0,0.0,0.0,,0,1.0000000000000003e-05,True,REGULAR,USD,2027-01-15
395,MRK270115C00080000,2024-10-22 13:59:10+00:00,80.0,31.12,0.0,0.0,0.0,0.0,1.0,0,1.0000000000000003e-05,True,REGULAR,USD,2027-01-15
396,MRK270115C00085000,2024-10-24 15:38:02+00:00,85.0,26.95,0.0,0.0,0.0,0.0,6.0,0,1.0000000000000003e-05,True,REGULAR,USD,2027-01-15
397,MRK270115C00090000,2024-10-24 15:40:03+00:00,90.0,23.85,0.0,0.0,0.0,0.0,19.0,0,1.0000000000000003e-05,True,REGULAR,USD,2027-01-15
398,MRK270115C00095000,2024-10-24 15:41:56+00:00,95.0,20.8,0.0,0.0,0.0,0.0,7.0,0,1.0000000000000003e-05,True,REGULAR,USD,2027-01-15
399,MRK270115C00100000,2024-10-24 15:59:24+00:00,100.0,18.14,0.0,0.0,0.0,0.0,1.0,0,1.0000000000000003e-05,True,REGULAR,USD,2027-01-15
400,MRK270115C00105000,2024-10-24 17:29:15+00:00,105.0,15.6,0.0,0.0,0.0,0.0,1.0,0,1.0000000000000003e-05,True,REGULAR,USD,2027-01-15
401,MRK270115C00110000,2024-10-23 19:55:33+00:00,110.0,13.8,0.0,0.0,0.0,0.0,3.0,0,0.007822421875,False,REGULAR,USD,2027-01-15
402,MRK270115C00115000,2024-10-24 18:28:07+00:00,115.0,11.09,0.0,0.0,0.0,0.0,2.0,0,0.015634843750000002,False,REGULAR,USD,2027-01-15
403,MRK270115C00120000,2024-10-23 17:43:48+00:00,120.0,10.0,0.0,0.0,0.0,0.0,10.0,0,0.015634843750000002,False,REGULAR,USD,2027-01-15
404,MRK270115C00125000,2024-10-24 18:28:07+00:00,125.0,7.62,0.0,0.0,0.0,0.0,1.0,0,0.0312596875,False,REGULAR,USD,2027-01-15
405,MRK270115C00130000,2024-10-24 17:09:03+00:00,130.0,6.45,0.0,0.0,0.0,0.0,1.0,0,0.0312596875,False,REGULAR,USD,2027-01-15
406,MRK270115C00135000,2024-10-21 15:35:10+00:00,135.0,5.67,0.0,0.0,0.0,0.0,1.0,0,0.0312596875,False,REGULAR,USD,2027-01-15
407,MRK270115C00140000,2024-10-18 18:50:38+00:00,140.0,5.2,0.0,0.0,0.0,0.0,1.0,0,0.0312596875,False,REGULAR,USD,2027-01-15
408,MRK270115C00145000,2024-10-09 18:45:37+00:00,145.0,4.41,0.0,0.0,0.0,0.0,70.0,0,0.0312596875,False,REGULAR,USD,2027-01-15
409,MRK270115C00150000,2024-10-24 14:03:09+00:00,150.0,2.98,0.0,0.0,0.0,0.0,3.0,0,0.062509375,False,REGULAR,USD,2027-01-15
410,MRK270115C00160000,2024-10-18 18:50:38+00:00,160.0,2.44,0.0,0.0,0.0,0.0,1.0,0,0.062509375,False,REGULAR,USD,2027-01-15
411,MRK270115C00165000,2024-10-16 19:07:08+00:00,165.0,2.17,0.0,0.0,0.0,0.0,,0,0.062509375,False,REGULAR,USD,2027-01-15
412,MRK270115C00175000,2024-10-21 18:24:15+00:00,175.0,1.2,0.0,0.0,0.0,0.0,2.0,0,0.062509375,False,REGULAR,USD,2027-01-15
